{
  "model_name": "collision_severity_pipeline.joblib-runtime",
  "source_joblib": "D:\\Users\\Desktop\\VehTrust-main\\backend\\ml\\artifacts\\collision_severity_pipeline.joblib",
  "output_classes": [
    "Fatal",
    "Serious",
    "Slight"
  ],
  "base_logits": [
    0.8880339977084487,
    -0.5851032978384745,
    -0.3029306998701178
  ],
  "numeric_features": {
    "number_of_vehicles": {
      "base_value": 2.0,
      "scale": 0.8066689061558731,
      "coefficients": [
        0.003256862129857965,
        -0.03864572816220958,
        0.03538886603233648
      ]
    },
    "speed_limit": {
      "base_value": 30.0,
      "scale": 15.668445142734999,
      "coefficients": [
        0.20932303299488442,
        -0.07263686368940583,
        -0.13668616930543787
      ]
    },
    "collision_month": {
      "base_value": 7.0,
      "scale": 3.3884212038725727,
      "coefficients": [
        -0.003046599904175335,
        -0.028827720980713966,
        0.031874320884869564
      ]
    },
    "collision_day": {
      "base_value": 16.0,
      "scale": 8.83055857909007,
      "coefficients": [
        0.04522834707066444,
        -0.03424957418816061,
        -0.010978772882524475
      ]
    },
    "collision_hour": {
      "base_value": 15.0,
      "scale": 5.433868733786566,
      "coefficients": [
        -0.013689606852092232,
        -0.004067340829345062,
        0.017756947681424808
      ]
    },
    "collision_minute": {
      "base_value": 29.0,
      "scale": 17.691681584887316,
      "coefficients": [
        0.03102199437206806,
        0.014209934587381859,
        -0.04523192895939128
      ]
    },
    "is_weekend": {
      "base_value": 0.0,
      "scale": 0.4450978636548795,
      "coefficients": [
        0.029830637124223177,
        -0.0014699253592078407,
        -0.028360711765021727
      ]
    },
    "is_night": {
      "base_value": 0.0,
      "scale": 0.3414479015293341,
      "coefficients": [
        0.04953523287553754,
        0.01861715094131355,
        -0.06815238381685372
      ]
    },
    "vehicle_record_count": {
      "base_value": 2.0,
      "scale": 0.8066689061558731,
      "coefficients": [
        0.003256862129857965,
        -0.03864572816220958,
        0.03538886603233648
      ]
    }
  },
  "categorical_features": {
    "day_of_week": {
      "default_value": "6",
      "deltas": {
        "1": [
          0.05690469727874259,
          0.09296934311640037,
          -0.14987404039512087
        ],
        "2": [
          0.04002018579888622,
          0.048708162682762235,
          -0.08872834848163003
        ],
        "3": [
          0.021858699223153977,
          0.11666652409634082,
          -0.13852522331947892
        ],
        "4": [
          -0.11564564263326926,
          0.16041190772415193,
          -0.04476626509085968
        ],
        "5": [
          -0.09486938494860109,
          0.05601489954383798,
          0.038854485404755
        ],
        "6": [
          0.0,
          0.0,
          0.0
        ],
        "7": [
          -0.09426527758640857,
          0.05672727581214709,
          0.037538001774300556
        ]
      }
    },
    "weather_conditions": {
      "default_value": "1",
      "deltas": {
        "1": [
          0.0,
          0.0,
          0.0
        ],
        "2": [
          -0.12112785859187514,
          0.15602202153865774,
          -0.03489416294673553
        ],
        "3": [
          -0.4828617010037545,
          0.7072634260273764,
          -0.224401725023596
        ],
        "4": [
          0.37980094422050537,
          0.1011215906784243,
          -0.4809225348989026
        ],
        "5": [
          0.4621131909997943,
          -0.4257763221137607,
          -0.036336868885996854
        ],
        "7": [
          -0.7958237869946647,
          0.8263294497157614,
          -0.030505662721058813
        ],
        "8": [
          -0.356622014170624,
          0.1152205668716777,
          0.24140144729894011
        ],
        "9": [
          -0.1861185572244355,
          0.08308496389607667,
          0.10303359332837683
        ]
      }
    },
    "light_conditions": {
      "default_value": "1",
      "deltas": {
        "1": [
          0.0,
          0.0,
          0.0
        ],
        "4": [
          0.4140913321547647,
          -0.19474112263973786,
          -0.21935020951500417
        ],
        "5": [
          0.0487930866208659,
          -0.2264241078417636,
          0.17763102122091814
        ],
        "6": [
          0.3263347255465757,
          -0.34847093928816786,
          0.022136213741599464
        ],
        "7": [
          0.43917880810751597,
          -0.19182888812267396,
          -0.2473499199848268
        ]
      }
    },
    "road_surface_conditions": {
      "default_value": "1",
      "deltas": {
        "-1": [
          -0.23492497329929418,
          -0.3163884510845274,
          0.5513134243838573
        ],
        "1": [
          0.0,
          0.0,
          0.0
        ],
        "2": [
          0.022636686550768115,
          -0.08651795842987253,
          0.06388127187912343
        ],
        "3": [
          -0.3592283468706965,
          -0.05181526641327283,
          0.4110436132840086
        ],
        "4": [
          -0.39770082812032126,
          0.13647189123734305,
          0.2612289368830194
        ],
        "5": [
          -0.3592283468706965,
          -0.05181526641327283,
          0.4110436132840086
        ],
        "9": [
          0.08131192713333624,
          0.023424536951791586,
          -0.10473646408508563
        ]
      }
    },
    "urban_or_rural_area": {
      "default_value": "1",
      "deltas": {
        "1": [
          0.0,
          0.0,
          0.0
        ],
        "2": [
          0.21368014158353332,
          -0.08967762911710475,
          -0.12400251246646354
        ]
      }
    }
  }
}